user,rent
b6589fc6,8627.855063454423
356a192b,10867.666009868859
da4b9237,48590.3967887835
77de68da,12718.601331928703
1b645389,5358.452287276594
ac3478d6,7267.432339894852
c1dfd96e,109978.18763930621
902ba3cd,19375.66897077552
fe5dbbce,24557.843478767743
0ade7c2c,18343.367643837508
b1d57811,145502.50858827154
17ba0791,80119.297973252
7b52009b,33176.84832894344
bd307a3e,161064.2640583538
fa35e192,14402.555628785414
f1abd670,50916.905777553875
1574bddb,133863.17442923196
0716d970,9272.872895281316
9e6a55b6,7976.122622470671
b3f0c7f6,32271.35589468581
91032ad7,14817.09275675769
472b07b9,63036.103412515295
12c6fc06,255876.0382331016
d435a6cd,25296.767953652517
4d134bc0,107559.20090266074
f6e1126c,17383.133812957403
887309d0,24445.681563391747
bc33ea4e,13390.351744372017
0a57cb53,8038.565179925655
7719a1c7,14728.702692426961
22d200f8,15462.59648295336
63266754,13432.729617422547
cb4e5208,7873.558985388125
b6692ea5,170501.66926029426
f1f836cb,14579.793863897912
972a67c4,112290.06845989852
fc074d50,37283.08740118768
cb7a1d77,13667.645613906712
5b384ce3,7873.558985388125
ca3512f4,10229.811019495128
af3e1334,18377.174795588937
761f22b2,16600.4382965407
92cfceb3,7352.865894797166
0286dd55,98815.01142972324
98fbc42f,20346.59539878558
fb644351,32761.36454551414
fe2ef495,11808.886191610167
827bfc45,18993.63094888634
64e095fe,32141.843929077862
2e01e174,87759.02221695267
e1822db4,12859.475820578491
b7eb6c68,17103.923328174686
a9334987,155332.2783532175
c5b76da3,68931.70074140921
80e28a51,14402.555628785414
8effee40,100970.36828214546
54ceb912,157358.11294769286
9109c85a,11557.825974298683
667be543,67904.71577633782
5a5b0f9b,34908.01174217813
e6c3dd63,7976.999987955352
6c1e671f,28618.407870076604
511a418e,40155.94661726508
a17554a0,71629.22300758326
c66c6517,15458.748673574299
2a459380,19103.831843734293
59129aac,111726.10694716773
4d89d294,24614.102257800387
b4c96d80,32494.169789999178
a72b2006,9783.944787270251
b7103ca2,29853.361863882314
d02560dd,21882.456377253184
c097638f,34087.468312459314
35e995c1,36446.446682116766
1f1362ea,7605.717824155327
450ddec8,24250.954161813115
d54ad009,8038.565179925655
d321d6f7,22335.949077046316
eb4ac303,68931.70074140921
b74f5ee9,17211.851259443483
b888b298,12810.114877400918
1d513c0b,23073.37515678655
76546f9a,6873.722435423289
7d7116e2,15456.205200361997
be461a0c,23844.644381643266
1352246e,140549.3690796063
3c26dffc,8756.239416252109
e62d7f1e,12927.13034989119
b37f6ddc,56341.69306705631
16b06bd9,18181.82073916522
2d0c8af8,19087.621166691246
4cd66dfa,20677.30079622735
8ee51caa,10943.60066225275
08a35293,11662.473988008787
215bb47d,91776.12337293482
8e63fd3e,32141.843929077862
6fb84aed,10473.787544581292
812ed456,77686.03209156827
31bd9b9f,10190.049858673583
9a79be61,9959.50277022854
310b86e0,20084.05788230427
dbc0f004,62533.89152489067
c8306ae1,8430.65323442205
934385f5,51184.67411169898
78a8efcb,54332.37555928464
e114c448,5286.250465712337
7224f997,16617.761183859624
524e05dc,54376.04390548144
17503a6b,26892.177793400806
a1422e6a,17561.273544390126
5e796e48,22448.423303398195
6216f8a7,39495.22257713056
601ca99d,22677.692404584832
e993215b,9671.30454506901
ecb7937d,53327.88878688083
efa6e44d,8465.825972995828
683e725c,144367.5000508639
d0e2dbb0,11914.348455092457
12f0de3d,12826.082910797208
a2e33d34,37396.482433743084
775bc5c3,26769.05546532628
8bd7954c,9136.05583345339
05a8ea53,12219.761872587233
40bd0015,38088.44480804622
f38cfe2e,11843.493855681496
0ca9277f,11800.90216666327
114d4eef,12939.947857449966
008451a0,6845.303328489553
b4182bff,8376.373510163923
8b7471f4,14440.575425549996
2a7541ba,5453.532935744349
e794a80e,12311.826366252446
91dfde1d,13053.428971093106
d30f79cf,13868.635595438744
95e815d1,10592.849513408337
40f7c01f,36526.41051254565
9e071a3a,10142.95278215658
e1a864f0,6472.303804162037
56ad4d4d,8183.004727778307
fa755791,35384.420378835996
c28aca23,20228.161941178598
c9ca4427,16596.07302403814
2a2b47bf,7842.169562209465
f47aea8b,34790.628518006786
7320828c,94263.80365241124
50336bc6,7528.607567812412
3fcfb99e,14189.90833187581
b3c0730c,29556.80380520388
536fb693,19187.018050399864
39dfc9ff,68143.3855443252
13682ac4,36622.91173327233
b16a457a,55926.48466768781
ac264602,24928.501812258946
a6f16ab4,57287.70833253837
06349be7,45604.58619611658
9d8974ba,6665.542516600854
6052521b,64705.33900002395
097ccd4f,61494.58978812622
a3d12597,7825.213507490257
6b6277af,23824.732392544913
be057d4c,8697.124765824734
0159a99e,11535.485021909382
ae1e7198,15249.328822322972
fd937516,9757.572449341447
a929eb33,15450.843127450216
74cbd2c2,13647.354098326863
69e56976,12212.807526082997
708a77db,13970.237073503158
f76b2ea6,18381.969883558188
2659fc51,13371.73543126885
717b2f3d,37328.82084547357
94940e53,8066.494583596862
c1aa04bf,9252.966011544728
572e2073,54332.37555928464
d094700e,13371.73543126885
04f1241e,11408.904696020716
5c8f5ac0,7663.115277930869
26e7458d,200036.40892020034
25293f27,13727.687298457815
9e44d277,25829.185176023308
ec7f1f65,14292.495215552912
aee544ce,12894.544887186237
58f07449,15237.945092249925
dc685e2c,12080.366865044038
bcf814ab,51416.52529820774
cfa2ed2a,11505.576557077402
87d538ef,11471.323451615164
f6746266,51416.52529820774
acf1fffc,61854.9419017939
e54183e2,7145.023831227875
3a2dc677,12111.304531287333
2fcc820f,9333.3880784314
19a448c0,159630.5622151026
14bb99f8,8062.019052112308
2a79f141,12481.749762127189
752ae7bd,7413.214732963092
4dea1dae,19105.702369890354
61188f24,10405.822422030256
c837307a,15152.33917534892
2952aeca,51416.52529820774
9f9af029,37306.91669901425
7f03f3f2,15266.84520695628
1e7b95c5,12544.321281923967
a165fbd6,15553.12950670593
1cc64195,23940.724749698715
5f1cd7c3,15259.299644969833
4afa8f9e,7413.214732963092
3be76cc0,18866.412021822234
baab3401,11193.91833270057
acfdd18e,17045.691831268832
135debd4,12471.301067638726
1b4a364f,8369.41910392579
e2154fea,11933.899122541705
19187dc9,68931.70074140921
9a15f42d,6553.369556383159
828f7204,43353.93854861338
0bad865a,21466.733995891136
49e3d046,28658.236498897382
3d5bdf10,12521.924349542596
c0ba17c2,13269.66830471713
f37062d9,29116.394583286845
9a70776c,7269.263413137943
1c6637a8,9783.944787270251
af06318c,5175.772310174961
bc15c774,12794.147000795474
cfe21c68,30777.873026395224
c1a38b8a,7441.891132371807
42d2a6ad,6806.950052863247
cad06f3c,7532.733258223159
4c8205da,9036.704526805712
2815f6b9,8495.762812289096
eadc1dd8,11497.465067599156
4f0f5c96,12212.807526082997
52fdb9f6,9469.180530357196
0ec09ef9,5845.932186471523
0b7f5ada,8190.689604623684
5d23e965,15091.442309575626
3c331613,13432.752822757466
5b7d26c4,6679.463753253983
584130e0,9365.394580750806
cae91e45,8511.587779312553
9ffd1ae1,10539.220307649452
851cd04f,6679.463753253983
4af7f9ed,15667.169940580843
01592d51,13823.893165962621
3aed9b03,43077.30154029163
3464dc11,15259.299644969833
b4ef7df1,18176.543800847674
ca3799b8,13096.874050584103
ee44c6bc,26615.128429728076
ba30fd97,16069.806882272344
d6e3de36,13893.531869049784
98fcc378,19674.656829938725
4c15dc21,7441.891132371807
c9f13c16,154643.3902813194
3028f514,15237.945092249925
dd7c1a3d,122521.81081635944
c439c60b,18733.54143976075
982fd8b7,12257.23180763433
5f573b82,17134.126208494552
09d66f6e,7162.353003701799
5d00f2c6,4974.468641277069
1106a1dd,13390.351744372017
065f8e41,15473.311555670367
682a03f4,7214.040010792946
25250e46,6553.369556383159
45cbe19f,9111.04771354937
81ecfd43,39432.967172803445
d5f0d910,23483.38419933859
9a61b86e,6947.246925872835
29350804,7918.395328654351
ef7de0b7,21791.075263279883
eb94d5c2,59991.80146243691
733b57ae,7386.816953750472
431bf3b9,18469.471979541537
df518c2e,10713.940164703256
6d363479,32141.843929077862
f333160e,6532.512624170694
68b5193f,7528.607567812412
1407c2b7,107200.19170100907
ba613d1f,34127.75573423386
d8502b7d,12465.527399273697
267b976f,42419.913119145654
3032a4be,18613.999202173938
7f35419a,7468.080983526137
367ac64a,11086.063512500723
7edab1f0,34840.37690119349
f0a4acfc,7241.899541042645
b70706fd,9365.394580750806
6b0f4d99,12471.301067638726
9d323717,12434.525280549746
3717862a,60581.64513038321
85f1002b,14116.046536049313
05580cae,69890.62179653434
3a085d1b,15237.945092249925
a02b857f,7672.826102740984
cc8cd1ce,12411.407229605953
dd500e1c,27624.863330263117
eb65e208,15553.12950670593
4b2e3928,7813.024469714689
e26973e6,33427.87265691497
787d41d9,8718.062306851385
cd0613ba,15237.945092249925
bbcbb1e8,48007.23266366655
79816ecb,7286.851046122259
9a3d6127,43867.903830410134
72c1975b,12761.826880952343
ae5ffa65,67903.66704806381
3e0f83cc,33504.43897412951
ed2efc1c,28220.772923912875
af53d4aa,7499.027481052289
cd6d9108,29254.9890290076
a93c1683,8485.623132914956
97b31c94,14059.506658588194
6e21fce6,51717.55384898845
f6b9b6cc,16897.73083327882
81c69212,10799.723002998855
f44a286f,27034.572206593217
154a31bf,6928.406287008901
a84c9aa0,10437.831540233617
7fdec83a,71958.96011561621
5f6955d2,11223.971797062391
81110df8,15274.627256125696
cb4dd527,59320.035997900566
914127d1,7267.432339894852
4551b2d5,13432.729617422547
4296abf7,8301.426235631428
076e5a3a,77617.18566969463
5547f631,6548.490505808688
8d396f90,50413.587196370754
a609bb8a,120666.17061881202
c28097ad,12409.09374622962
ef2afd22,38139.22355603125
43814346,7931.831849329458
fffb8e85,13399.371107801802
4728a264,35368.36329232301
9c882d5c,29371.564995873036
0588f590,43001.984795233104
01ec4021,14496.235688985735
6c41101f,297936.1348690871
3e6bf6c8,46623.92505668469
8da4dabf,45634.87752874698
c415505d,41962.14475851858
25a5e301,14434.607212600997
640bacfb,12761.826880952343
35139ef8,10485.584993833087
41f448af,155882.4760900956
1b04f217,11436.090400400888
cfd17996,14116.046536049313
3341b16b,137942.53871245042
89a1c105,54348.571561137556
0026476a,25181.82806068572
efbc0848,91102.07314133426
8ada660e,12471.301067638726
1a1162ec,47916.62728824974
90af7edb,6831.31910987216
d2001654,46317.46196026422
86970064,8485.623132914956
abf74905,23331.635907503573
2a5ac580,26418.464655616346
a1773d62,20684.610602640634
b6e7a22c,12578.375644855627
8d6f9131,19332.734737097304
15a17abe,8295.838379954153
56e43ae4,7013.225426241335
a0d04378,12300.220434134992
b0016858,45856.849486699255
f0909321,8231.397605404727
9aaa0b52,9364.652196799727
5e06d22c,29140.63034615952
97705a95,7960.366289410498
3554dce5,94913.58342691002
6d93f2a0,12471.301067638726
a5133248,26872.37320509464
4a0e88cf,8382.998312791853
34876386,12296.453032204707
b6e2efd8,12301.61601943648
be4d979e,23933.098633465597
0d990fa9,6831.188696569417
c829eb96,33816.12150665965
c30749cf,22417.022796358582
00f7eea0,17900.249682616835
d0226f9e,44749.96432414059
8c4a0a7a,16994.093294945174
b741f252,30110.35224709072
85567973,15066.660282950907
295df4a5,6633.880436406761
f7e19157,7836.613644095786
11307768,16283.574631285384
1ed8625b,9775.400006141099
f369b411,215373.60766818997
4c629c4c,59277.65942059271
0715d58c,40602.924755251974
b0c68924,12541.89198831596
bc62305b,38260.719232199626
86cf294a,14133.023954140863
2bc4a9de,15327.810191634971
20387dbb,234038.03018721184
10309cbe,13188.883746562447
9ed4f29f,12734.274135185342
ab7f7b95,14116.046536049313
63b4f91c,27128.812575407945
5e63673c,7672.025936112957
8980dc86,42372.67025035462
c35a9fc5,14402.555628785414
7ee51d95,12887.409445905583
b202977c,15462.59648295336
e6de8967,53882.5362059269
beba4d5d,7696.719341332975
3352d0d8,7532.733258223159
329dc1da,8933.625878773433
83fdc340,15565.921128277114
6e9b9938,18286.152530833006
5715aa02,7214.040010792946
4396c2d0,26844.10366907107
8749f5ba,17470.274202195
279e901e,119529.03994073161
4dc77829,17070.678314768542
93ac1946,13902.043244193379
1f0037c5,8062.019052112308
7a955634,18465.33080508514
1c76c42d,7786.79273786671
020c4877,12962.86580431388
a785bdbf,15786.209572382966
77873674,66960.7805009205
7a698699,5834.783112391946
62866ab4,7653.6266134843745
fba7b60b,7589.602623763266
2aed8cef,13470.832112785649
75988f5a,12927.13034989119
f8c024c4,12219.761872587233
6c0ac76c,20980.479363859078
a2092f63,12817.721370749889
82ad38f8,13378.752658783244
8949eb0b,315184.3306398872
784ef005,56575.49428289223
6c4c04be,10263.64070292655
bf9e9998,9140.573462656937
06cb3f00,13282.986484118379
0fdf6a63,23882.290105339147
6d0e1050,6865.658890189646
5dd8b53a,11395.683453512554
e076fa13,14224.067732137748
ac3e7b00,36478.233901726075
9a3e61b6,22500.85378778747
ac9c9577,33311.78358678709
5a9295d8,7678.887387262143
08d55d01,6947.246925872835
f04b1d72,12535.926030178103
5fd7e33e,13442.119231042714
d96adb14,9852.769580804774
9d4650d4,9388.037097406508
3af0af21,12186.861139805813
4ac2bbff,5755.427199707685
14019988,12047.656204341773
b02b7081,41806.43260841394
51eac6b4,11095.67428069915
d36550fc,8562.272535661512
06be19ff,30858.22198884992
bf0d80b1,104883.80477590443
e973a64c,9591.70680745902
668f37d8,15274.627256125696
5a73b747,17820.691509353037
07fd89a4,16505.88487967669
6f946e26,7978.657735224174
f8b5f622,38264.60870065958
cf2f328d,21290.79905932204
ec2b67d5,13631.604452883788
3977dced,14151.059227036365
e3e097dc,173708.46350036643
264c3f34,11843.493855681496
5e5ad0b7,17787.04911204536
cf06ed6d,7931.831849329458
7ed28031,11193.91833270057
1625434c,12472.644773743985
6e75d23a,8213.866849830341
38c07d9e,14189.90833187581
8665243e,7336.015402097443
fbea31c7,7075.714431659289
eaef5296,68483.34084320546
6153f0b9,9333.3880784314
2978e0c3,7235.684475957748
d051bf1d,11778.726813337005
9ee0df7c,20203.919237537917
329a970d,7145.023831227875
3b69df95,14464.441639446712
6cc71d91,7931.831849329458
8f98b68c,14728.702692426961
ee16ee0f,7589.602623763266
343ae8e2,14224.067732137748
1b0a69d7,7796.623712690158
014a1aa3,12559.799133828128
77d67ab1,6914.785539425586
c56f5cb6,7051.775303783861
456f2361,13681.054998224487
f1e75747,54392.25292424354
93e097e3,13390.351744372017
ccddaf62,7013.225426241335
d049c44e,14483.416386803827
edd6ebda,26127.646376634526
f83a383c,20190.130076256664
2c9a62c3,13808.860307342691
2f9f705a,186203.19215946904
7110e0d3,24798.62119940434
30012235,89516.56691088655
3ead28f8,46086.12584651625
e408d89a,11407.968917227021
1185401d,6429.423045744765
07a85bd1,8791.328841519024
6d5db0e8,13099.255424225104
2d3fbcff,13231.73930410602
b7f5113f,8858.541704762516
ce09b127,51307.41661684691
10d293a9,162514.27226015946
3f1522d0,22574.1597097839
f5b68d74,12845.26638812232
b903ea63,15553.786366923581
142e9ae3,114479.41186069105
0486ffb0,71724.9317003407
8a279e5c,11374.571903076954
0b6a6376,80016.38034729335
91afc4c2,21400.15582821337
22ef9733,20898.12171770843
8de23aaa,19953.594955613225
6632e7ca,8241.386946762808
00a8a5c3,44371.26489290097
d5155d04,38023.61808726537
22ab0e43,16916.01692326668
1d7deb7a,128807.28116793947
945335a6,52009.188455795214
5c64cc5d,7347.44030646819
9d94ce17,63315.471755352686
0313e644,19396.067922134323
3a69aa1b,9673.383916683311
ae7329c9,27999.801843059908
be2793cd,41556.10377139081
4e86d8c0,111726.10694716773
7ec24305,11436.090400400888
093f0b06,69890.62179653434
3cc51499,68931.70074140921
a8a2b30f,97635.15458126216
acf10f2c,14426.052184325945
d06b6c54,6224.827723103896
f0483f25,124486.37666905801
b87bed12,12608.01350447617
9741f79a,18617.831144938988
461742bb,9333.3880784314
3219b5be,211261.24996287268
916f5b10,63036.103412515295
2ef28d31,6947.246925872835
cf94db48,10616.015681402649
a4c36ded,94689.91346777142
f53eac2e,10452.413410034882
53e56691,10987.549428549246
c8c06cfa,21199.54046679881
cfa1150f,19029.473611315723
17037754,25111.65561681008
859371c7,65101.74879841003
9d6ad3cc,14718.068588324972
2473f015,10943.60066225275
84582c1d,14447.066131142168
77c8184f,10299.974260667377
904f2cc1,17804.209186208718
68b79337,77686.03209156827
fe2fb474,11026.237220239826
e77a7633,69453.80202000857
ceab25ab,9469.180530357196
66435217,41860.40738433567
8a1beaee,54332.37555928464
fc8d9e6e,12559.799133828128
4260e7ea,42240.80887253138
2bfba6b3,22257.58506397086
7ee08d3a,21512.930691673995
f33f7ae8,46466.71025844255
fa1a6512,35055.44242863179
05a53e36,20688.707274853547
0fb914ab,11518.932271903383
7c338763,5502.8323933696365
e77f8d53,12939.947857449966
7a9ca14d,25296.767953652517
3db2991a,113600.29000230202
9f682df2,7639.384394867428
985d6ac2,94393.49478457918
9c676e00,16306.000315436138
c6eeaa05,23074.34960148827
a32c5cfe,425109.84053792886
4088f87e,7081.148676002664
e4dd8a3f,147575.64482940736
55da3f56,77443.48188009454
867cd58f,14728.702692426961
efa260ad,163976.51271549368
21348341,11395.683453512554
ed29c0d8,11395.683453512554
620807a1,13676.207110945596
c2548064,11266.541273026824
edd6bb41,7186.815553699818
ad1bf290,7453.941875056158
8b4753ed,21743.13536384887
91eb375e,14509.048892783467
13b72490,9841.9288188394
15aa0c7e,21752.005592563244
3bb18d9a,5431.792692011281
73fb9760,9602.357280441624
8d255e1e,13099.255424225104
f8d0f859,5542.706917203351
8290abc6,20200.602780589503
a29e971b,9021.40937373
aa62ffff,20607.550166001467
72ab8108,26446.345692451872
80cc9fea,15106.41721461462
dad39ce1,13443.949133677463
63843e04,91445.67305389067
aa4b27d5,19168.588668334083
ae694b07,13893.531869049784
1bdf1a2f,13511.14185464828
2456caf1,20816.040449516237
8746b7e5,47125.438094058416
30222b26,13676.207110945596
ff6d1d2c,65220.94277924229
ec91fc2d,13083.709871969972
cf324061,6906.394669370116
dc51d239,12471.301067638726
8157eff8,18706.094928360188
01eebb18,6960.48453490345
5dca4777,9677.63381575237
44b2920d,5479.0430269400595
9a84e151,12931.403580304306
47d5c9c2,16433.97642328394
3f4ed2f1,18932.463334266464
bdab02b5,16625.65521036261
2c9baea3,22402.750014008616
6e9aaa5a,74113.60795394481
e7ee3efa,11662.473988008787
43b4d1d4,41041.61862871503
08ec2efc,12176.518751196216
83a002e8,69878.46000166981
bc60205d,12023.325509708946
88a9d5a8,8443.526342627938
afc3bf9d,13231.73930410602
40e0ce8a,21719.21767673978
a52b27e7,301259.8759459152
d2578a84,11933.027948221588
99316dae,21297.74545627981
dcd7d0e3,8556.608040100955
4c8596c8,11998.705437209781
f7b41d20,9572.553003489824
961cc96a,17562.6951631997
17820ac1,12852.06019258065
4de62d12,278611.854971962
49117359,6135.824074984939
70ac2ffc,5791.092510524728
93f271ad,15731.38576530627
918fc64d,13960.243748062247
e1c03d2c,178192.51228374327
db00e4fd,24777.602295457968
4dcee7f8,11961.209667873109
e30e49d6,8073.120513697017
f90a34bc,11748.187741474308
f597ae7c,13727.687298457815
9dbb7f83,41714.27753411461
6765c043,22258.443196400112
28903f61,14224.067732137748
091d039b,13231.73930410602
b66cd90e,54111.63223576453
88547be1,124089.37639129015
af7166a5,12887.409445905583
cd3f0c85,39046.4991737199
74da6152,11374.571903076954
34c66477,22421.54785716503
9f3bdbf6,83630.9215594049
1cf9ade6,19850.820093471622
97e01b6f,30301.87158151761
540d3e47,9671.584706497979
dca7d041,13181.99018930934
ee498866,22139.48351012437
fcd72fa5,8695.233929499656
c6cf93cb,17186.54644437352
e0cc7b71,13816.030694321207
b2029ba5,13216.1137949724
eac6819d,15128.277787235884
fab19abf,10446.721736312278
89d79a52,111726.10694716773
7fd2b74e,97702.28192580951
4f270655,13096.874050584103
a79e9a40,18975.860312809415
27cfac71,15075.831576800929
cea6475a,7852.214449696269
dbe8ddfe,20789.790888375803
8ff05915,13231.73930410602
53c53c5d,5947.167524292057
d9fce172,13231.73930410602
3da7e2c2,115689.83338553
6d3eeb1a,200240.8819990808
d69b923d,53647.628581991296
d2e19c41,8030.547069212282
00a6915f,13493.290948355589
4c87e5e9,120573.59451008962
ff5ae4a7,6865.658890189646
07eb1cd7,18464.550993791967
8666e1e6,14021.308799235485
d8e4bbea,12634.59820137462
9170981d,10559.425996693672
a0852166,13032.05224346638
8fc1bb57,19888.099202211302
a093a39d,28524.43149126201
794bb368,9099.201681578123
de9a90c1,12186.861139805813
2a8ae246,7641.521682979927
b6c3f8f4,6575.547010777953
29da9bc3,6301.421479812228
86e55aec,38470.264469418114
7919ae51,46546.289657099274
a85f2d02,15287.908925934746
84b0b577,16029.324457411682
3acc03b5,7260.463890288709
32e9d389,8038.565179925655
8df1bd59,10296.72697905613
e1c1bfeb,10867.666009868859
395ea624,9585.929398624046
83950160,4880.509724562168
aeaa8a87,13298.070250821353
0707dcc1,31996.119005290162
278e89d8,43056.19114643232
f5354c57,14356.518038059286
b19dc177,12186.861139805813
75d2a5a3,11705.248317435196
db667d12,11980.98886355643
90f98c0e,13378.752658783244
8e6b8a73,9193.795124272867
baa924ce,98802.58437454393
16a9efea,38088.44480804622
77895c1f,9833.792197230363
9deb867b,11786.729276158609
bc3f9e23,12198.199605929505
6229d318,6345.634378182402
a6b21a42,11980.98886355643
4b14fe74,13793.509032139153
4cae5993,14990.441011122713
641e2c9f,22951.3663542864
1c710b1c,12111.304531287333
2e0ab5b3,9066.126117491267
23b23be9,16941.30457432791
02c8be94,21012.145392298964
f032e589,34028.980000113406
193b3437,53134.84163091778
de8627f7,11875.02479472914
9b3aa270,12364.040324764486
5c1dc070,15584.040497776685
6d40f903,16501.254191872154
01055fed,21105.582171525562
404c735f,39654.36323784309
758a25f7,6836.143222951475
b7ecf1ca,18617.831144938988
c32a67a0,13375.93086004198
b246c749,11784.217406452748
52342fa4,11832.81589601631
8989f7bc,28733.466122053564
d64ce8d6,7931.831849329458
82a50612,11505.576557077402
dcdee608,135476.11902984531
1382ac8c,6764.745304133581
8d121824,21632.49244219818
c99a2a26,14459.48983507722
e1de5f71,115689.83338553
b5586099,29371.564995873036
e1f463f5,422386.5938449039
581a8ed6,7622.785145331571
81755a28,24834.213252586644
ad2ad593,25224.148385427645
98079d38,42397.164392925566
5b5b3319,13330.28013441869
5d0fb669,9170.02770523883
d04d5003,19603.660727451745
190c4a70,42419.913119145654
66c4d1ec,10963.970376154943
ccd04939,7713.115195884854
0aed854d,49188.34836770396
fc7a734d,8295.838379954153
3aef3636,10081.424885070901
63573d00,115689.83338553
1dd4b9d8,37802.02205195903
c7e47b84,11955.542481569793
2817850c,115689.83338553
43095da6,14526.808194362613
aa5076f8,34640.05025611665
298f93b1,28768.130616876737
40bc268f,7554.216216844459
e00988f4,13231.73930410602
0fe36dcd,96293.48699433963
fc1200c7,12471.301067638726
4912f56a,7214.040010792946
7325068e,12777.248779752535
96e388c0,18554.23837019486
6fe3dfe3,9878.185807965107
41990bc3,12409.09374622962
61b5df41,13893.613606627432
732c0a1f,6376.15510421527
176908bf,39227.01786280149
0c026679,109369.17649629347
01c0c90b,115689.83338553
290a52e4,40989.015851358985
549843dd,88298.68660289155
acb033af,23844.644381643266
9d00089c,52358.378757243285
43a784cc,156903.15079877584
f890d752,27358.69199532895
264bb327,21772.507418671765
425ac6a2,52679.44188771509
38afd2ec,19578.055176906022
cd8b7a4b,18393.284747989386
a1496d4a,11205.225155399388
6f824600,33080.91652922101
872a319e,204804.95079704653
90b93058,13789.498601916765
c9264fc8,40502.81398578152
d528edaa,146462.59591447815
f022da4e,11843.292448275228
2e946dff,69574.28474703511
37a53dc0,268435.5406509462
6ef2c7d1,127322.90921992212
4b68e45a,8736.608809264746
fbbf192d,36049.84514021016
f4904ffc,12240.780096158342
bf67a68a,19555.95303574685
5fbdc8ab,136685.765199947
5375ef76,13691.729168547474
cdd30858,54111.63223576453
1d57ccdb,41746.357062391966
0da8cbc8,15158.084482622866
459b5019,12022.036876010254
20192191,20301.069902780913
3741d591,9573.96410842168
e6c790b5,85048.53135494316
7331dfb7,12102.190641302312
bcdb6b30,14341.736544060032
d449b25b,312521.2289814719
84c5bfbb,216683.8848567836
9b41f9c0,181111.39479057895
2dc292b2,10812.250622406309
706a9570,17453.170062978294
c1d2fb84,7075.714431659289
dcb63a93,280379.6243508473
62362fbf,29720.014323272877
c02b7480,19912.802751552892
c2fc6ebf,27297.57033760261
292c7ebb,9691.458444090424
8d163d76,26488.02111095853
d18401b1,10326.12628145998
0e380823,70839.10889353493
967d1c50,20612.816866593344
842066fd,7978.657735224174
b1b98699,20151.863021579265
2dcc3820,20807.122729465995
43d6eec5,184050.34385714194
cbc34d5f,12826.082910797208
ebcab2a9,8352.604646265898
efe76deb,12845.26638812232
c44201fe,102454.7757845809
fe39d976,136076.8074005206
812cd883,182526.5653735191
301377d6,113562.1278381478
d5843c26,9309.18857424606
5753ab09,41387.26734059778
c2145e33,268111.22141775873
de1592e7,48540.19972323671
81d51c78,24047.979977423114
60ab3237,13488.28129638202
1b75f1a8,15173.221166541214
0b93caee,11814.431283113301
7aeed2e8,54111.63223576453
c43d770f,11332.094596566118
edc10c00,17275.54496566546
389b4f6e,20766.861001599576
eab06fe0,12208.744702588809
7d9f2b80,18754.492031915095
c08d9955,83101.48214134568
f2edcbe3,14356.518038059286
d24b133e,7626.724749894092
02db8e85,34831.40761507708
339e2ebc,13797.782897807796
0b5e7f01,15342.837874858427
c425c670,13096.874050584103
042ccdc6,32896.567654020066
fa988283,18771.787720009183
8cc981aa,14151.48612440209
c5f2486d,48996.31731428824
f2d28ed8,13797.782897807796
ca29faea,12248.52627048409
eaa67f3a,16703.646691089652
4d7adc25,48241.74822924927
749bc367,10720.467596463963
a0308ad7,23615.76970751964
162cdc2a,24923.72340452583
20b550ed,10692.999574603002
1ecaebc1,7532.733258223159
f1c6feb7,10405.822422030256
4ef47a45,14224.067732137748
0bab1dd8,7347.829921007844
6b2e24cf,5038.743783354388
49ca4919,13424.808138525175
28cc2209,8528.720389500602
a071f3cf,6665.542516600854
0e2a8d2c,39804.10021162168
437aa7b5,25180.721573416064
6f2c73e4,17369.487230487248
71ef3ed0,26961.713030500403
624ec06d,23991.6095845312
bd7c809d,14812.89647449973
2262b29b,4976.577203801795
ed665fd6,15122.978488972265
c70dfb07,13175.952054067555
f3751173,65978.03987113024
3f989fc0,10538.434713195868
fa5b7e29,8562.272535661512
b7015805,54051.868985233705
95ba225d,48405.65820284388
5a4b369c,48428.06537176258
bd358eb3,20487.78965530558
96086e4f,127815.63961406503
3c155cb1,39666.205733816816
c9a4b893,16084.33314920009
502845c5,19788.620959360196
4707f922,18231.175121623175
07127c67,46908.502830691745
27e7efd0,12186.861139805813
5994e39b,11528.56817465479
89da3d8a,13822.032693033812
62e5be99,71105.12561395991
3eac69f4,14925.439918379025
e29f7b5c,22096.19025389161
5cff99d9,11395.683453512554
93acc66a,8646.030607389523
a8833c75,11090.367050105642
a51c55cc,14116.046536049313
fc4bcf65,25887.46796650913
991e279c,17067.205594003557
1a16327c,12521.924349542596
78848212,47605.64504663618
392330c0,8229.460605146589
89f549b2,11662.473988008787
0f3c97b0,7214.040010792946
f8e20fdd,6952.1108838809805
999bda02,17864.222309148303
cce637a7,7915.053758015638
5959ddf7,20238.73280681384
929545a0,8985.563442797662
c26ab3bb,18838.48033062965
e5cb6755,11920.55614217654
0a6bd727,10720.467596463963
83b84c4e,12300.220434134992
b63c6a70,15259.299644969833
69fa6513,92064.25671809127
da5e0596,18288.414215609024
93358096,16289.835446456882
b3be0e59,13312.882257067371
42220fe1,14272.99028777763
5b0e2814,7900.9537435697275
192a0ec9,11505.576557077402
cde51585,18351.974016274682
bb3612a0,51448.102292282165
5af8ec20,8403.05256798851
1f37ad2b,16377.754651232803
89c48c47,16215.43028153503
4b1a62d5,9585.929398624046
f03ac204,7872.319259625289
ab71032b,12053.018313983104
bdf59a10,8403.05256798851
7d5e6660,47719.087695958835
b3bf2140,10419.93399431743
aa2dcf3d,12845.26638812232
636fd04e,14877.093390847682
a4fc566c,6941.244296954917
5a14ec71,365202.96856738825
12b15c8d,7588.483962985339
8383da94,47605.64504663618
76983304,9484.690083365378
fbdd85a9,11202.48259335392
46a83636,30619.85399678774
acca5b51,10889.42323425877
7dcd5ff9,51270.48404494127
cb6c53bc,7553.086439377819
32f9e652,8248.86511012861
1047b568,14224.067732137748
0514ab18,109585.6634977577
388e77e8,186940.96375229093
9486dd60,7842.567401566716
cfd97391,6941.244296954917
8abcda2d,79878.90262405008
1368d271,24568.183287158983
2eab55ee,69291.31685530668
639d67af,24900.173196513122
e9c53558,152077.61190694457
fad3ea40,9869.201498690523
2c82513e,28226.886586163655
f22fe10d,25570.341848116426
42405d7b,14565.03652283269
ae7b4b79,7528.607567812412
4a839f86,19851.65844774029
f66b7dcd,39432.967172803445
afc97ea1,40623.784409802705
e3cbba88,24988.1407775848
dd019039,17595.01158255774
a5b1d7e2,26386.669951183663
9f6bf828,78174.64934449732
70b8dcb9,48492.76907426891
0477d720,13893.531869049784
8554fe9e,12109.448395865493
1ccacea1,22901.91116674506
ff1eb8bd,14238.544448577713
ab68fc51,8646.030607389523
1966e694,56402.18153459266
dd2dfa50,14475.172894066973
899a19b6,9631.755065221769
ba5bfc9d,39495.22257713056
54ea9be9,16105.927351288261
6ab9e3dd,31590.00346459177
49ae64f7,11146.674655402127
4dd26050,13266.027286993936
cea8be18,8030.547069212282
8b05af0e,24250.954161813115
6d1270b0,8465.825972995828
00e263ff,6788.833684418424
2e2f7b99,32929.684595433086
138825ed,42041.527294011576
12835113,25370.662777263653
bca210f8,6764.745304133581
18372372,106198.3077110821
e194ee41,16283.574631285384
d9935e84,33491.87726462473
685df181,12544.321281923967
5410535e,8240.869691606691
45ce120f,19157.60482366271
84220516,30832.694813082027
e0f05ed4,40313.29071539836
29044848,11535.485021909382
02849383,52871.17831176171
3d41b7fd,6998.664947947912
8fe39cae,7762.979248563274
16da813b,16069.576557936023
dff17a99,69520.15043102852
ea10e810,260841.49900368246
8a8ec485,27573.423171812876
8b2dd04e,11743.244073329213
070dafcb,16243.23112598271
f673929b,7842.567401566716
ef9cb1ab,139928.04379787325
7776f8b9,11332.094596566118
fdcd8c7d,13790.464673296763
8d8ebea7,34776.50348809306
23a63310,39432.967172803445
ec883370,23473.834202763042
929f9640,17435.023985031374
6896ddc6,15091.442309575626
17cc4efa,46520.159185234115
6c8e459f,30672.97715701586
54c1792c,23730.164461467954
99d746fc,34459.1237947985
9587915e,9252.966011544728
6185b6dc,194230.35498321513
2b669c92,51523.30817640472
02f84308,68651.64390149737
415d2e43,54332.37555928464
f69e508a,42718.694278719915
578d9283,39653.2204872083
76a9e39f,59685.78105853292
3c19eb29,19522.37931454154
dc543d2a,11462.406367223784
418e1915,5755.185400876815
b77fb0e4,12626.903202474989
2b9a620b,38274.1617409542
cad61ca1,7689.19576658667
2ce51869,8271.804196940451
6b4142e2,7856.589493219194
2b348a80,77554.13886521787
